code,name,price,groups,verdict,flags,sbi_system_sellable,sbi_checked_date,sbi_source,jsf_asof_date,jsf_source,jsf_restriction,jsf_reverse_fee_yen,jsf_stock_shortage,earnings_checked_date,earnings_source,next_earnings_date,jpx_checked_date,jpx_source,jpx_lending_eligible,jsf_last5_reverse_fees_yen,jsf_last5_shortage,sbi_public_alert_status,sbi_public_alert_checked_date,sbi_public_alert_source
1514,住石ホールディングス,609.0,near_all_ma_below_candidates;near_all_ma_below_touch_candidates,verification_required,all_checks_missing,,,,,,,,,,,,,,,,,,,
1786,オリエンタル白石,326.0,short_8_of_9_candidates;near_all_ma_below_candidates;near_all_ma_below_touch_candidates,verification_required,all_checks_missing,,,,,,,,,,,,,,,,,,,
1885,東亜建設工業,2009.0,short_7_of_9_candidates,verification_required,all_checks_missing,,,,,,,,,,,,,,,,,,,
1887,日本国土開発,510.0,short_8_of_9_candidates;near_all_ma_below_candidates;near_all_ma_below_touch_candidates,verification_required,all_checks_missing,,,,,,,,,,,,,,,,,,,
1911,住友林業,1177.5,short_8_of_9_candidates;near_all_ma_below_candidates;near_all_ma_below_price_candidates,verification_required,all_checks_missing,,,,,,,,,,,,,,,,,,,
2201,森永製菓,2391.5,short_7_of_9_candidates;near_all_ma_below_candidates;near_all_ma_below_price_candidates,verification_required,all_checks_missing,,,,,,,,,,,,,,,,,,,
2292,Ｓ　Ｆｏｏｄｓ,2663.0,near_all_ma_below_candidates;near_all_ma_below_price_candidates,verification_required,all_checks_missing,,,,,,,,,,,,,,,,,,,
2315,ＣＡＩＣＡ　ＤＩＧＩＴＡＬ,60.0,short_7_of_9_candidates;near_all_ma_below_candidates;near_all_ma_below_touch_candidates,verification_required,all_checks_missing,,,,,,,,,,,,,,,,,,,
2594,キーコーヒー,1968.0,near_all_ma_below_candidates;near_all_ma_below_price_candidates,verification_required,all_checks_missing,,,,,,,,,,,,,,,,,,,
2733,あらた,2500.0,short_7_of_9_candidates;near_all_ma_below_candidates;near_all_ma_below_price_candidates,verification_required,all_checks_missing,,,,,,,,,,,,,,,,,,,
2918,わらべや日洋ホールディングス,2557.0,short_7_of_9_candidates,verification_required,all_checks_missing,,,,,,,,,,,,,,,,,,,
3299,ムゲンエステート,1616.0,short_7_of_9_candidates,verification_required,all_checks_missing,,,,,,,,,,,,,,,,,,,
3431,宮地エンジニアリンググループ,1414.0,short_8_of_9_candidates;near_all_ma_below_candidates;near_all_ma_below_touch_candidates,verification_required,all_checks_missing,,,,,,,,,,,,,,,,,,,
3457,Ａｎｄ　Ｄｏホールディングス,825.0,short_9_of_9_candidates;near_all_ma_below_candidates;near_all_ma_below_price_candidates,verification_required,all_checks_missing,,,,,,,,,,,,,,,,,,,
3844,コムチュア,1284.0,short_7_of_9_candidates,verification_required,all_checks_missing,,,,,,,,,,,,,,,,,,,
3854,アイル,2157.0,short_7_of_9_candidates,verification_required,all_checks_missing,,,,,,,,,,,,,,,,,,,
3865,北越コーポレーション,859.0,short_7_of_9_candidates;all_ma_below_candidates,verification_required,all_checks_missing,,,,,,,,,,,,,,,,,,,
3984,ユーザーローカル,1529.0,near_all_ma_below_candidates;near_all_ma_below_price_candidates,verification_required,all_checks_missing,,,,,,,,,,,,,,,,,,,
4222,児玉化学工業,617.0,short_7_of_9_candidates,verification_required,all_checks_missing,,,,,,,,,,,,,,,,,,,
4499,Ｓｐｅｅｅ,2164.0,short_8_of_9_candidates;near_all_ma_below_candidates;near_all_ma_below_touch_candidates,verification_required,all_checks_missing,,,,,,,,,,,,,,,,,,,
4568,第一三共,2626.5,short_8_of_9_candidates;near_all_ma_below_candidates;near_all_ma_below_touch_candidates,verification_required,all_checks_missing,,,,,,,,,,,,,,,,,,,
4886,あすか製薬ホールディングス,2004.0,short_8_of_9_candidates,verification_required,all_checks_missing,,,,,,,,,,,,,,,,,,,
4996,クミアイ化学工業,657.0,short_9_of_9_candidates;near_all_ma_below_candidates;near_all_ma_below_price_candidates,verification_required,all_checks_missing,,,,,,,,,,,,,,,,,,,
5410,合同製鐵,2809.0,near_all_ma_below_candidates;near_all_ma_below_touch_candidates,verification_required,all_checks_missing,,,,,,,,,,,,,,,,,,,
5440,共英製鋼,1855.0,near_all_ma_below_candidates;near_all_ma_below_price_candidates,verification_required,all_checks_missing,,,,,,,,,,,,,,,,,,,
5726,大阪チタニウムテクノロジーズ,2256.0,short_7_of_9_candidates;near_all_ma_below_candidates;near_all_ma_below_price_candidates,verification_required,all_checks_missing,,,,,,,,,,,,,,,,,,,
6430,ダイコク電機,2315.0,short_7_of_9_candidates,verification_required,all_checks_missing,,,,,,,,,,,,,,,,,,,
6584,三櫻工業,747.0,short_7_of_9_candidates;near_all_ma_below_candidates;near_all_ma_below_touch_candidates,verification_required,all_checks_missing,,,,,,,,,,,,,,,,,,,
6632,ＪＶＣケンウッド,992.3,short_8_of_9_candidates,verification_required,all_checks_missing,,,,,,,,,,,,,,,,,,,
6753,シャープ,620.7,short_7_of_9_candidates;near_all_ma_below_candidates;near_all_ma_below_touch_candidates,verification_required,all_checks_missing,,,,,,,,,,,,,,,,,,,
6844,新電元工業,3015.0,short_8_of_9_candidates,verification_required,all_checks_missing,,,,,,,,,,,,,,,,,,,
6902,デンソー,1836.0,short_8_of_9_candidates;near_all_ma_below_candidates;near_all_ma_below_touch_candidates,verification_required,all_checks_missing,,,,,,,,,,,,,,,,,,,
6908,イリソ電子工業,2790.0,short_7_of_9_candidates;near_all_ma_below_candidates;near_all_ma_below_price_candidates,verification_required,all_checks_missing,,,,,,,,,,,,,,,,,,,
7318,セレンディップ・ホールディングス,1285.0,short_7_of_9_candidates,verification_required,all_checks_missing,,,,,,,,,,,,,,,,,,,
7512,イオン北海道,848.0,short_7_of_9_candidates;near_all_ma_below_candidates;near_all_ma_below_price_candidates,verification_required,all_checks_missing,,,,,,,,,,,,,,,,,,,
7915,ＮＩＳＳＨＡ,1137.0,short_8_of_9_candidates,verification_required,all_checks_missing,,,,,,,,,,,,,,,,,,,
7965,象印マホービン,1439.0,short_7_of_9_candidates;near_all_ma_below_candidates;near_all_ma_below_price_candidates,verification_required,all_checks_missing,,,,,,,,,,,,,,,,,,,
7994,オカムラ,2196.0,short_7_of_9_candidates,verification_required,all_checks_missing,,,,,,,,,,,,,,,,,,,
8267,イオン,1224.5,short_8_of_9_candidates;near_all_ma_below_candidates;near_all_ma_below_price_candidates,verification_required,all_checks_missing,,,,,,,,,,,,,,,,,,,
8278,フジ,1944.0,near_short_9_of_9_candidates;short_7_of_9_candidates;near_all_ma_below_candidates;near_all_ma_below_touch_candidates,verification_required,all_checks_missing,,,,,,,,,,,,,,,,,,,
8584,ジャックス,3455.0,short_7_of_9_candidates;near_all_ma_below_candidates;near_all_ma_below_price_candidates,verification_required,all_checks_missing,,,,,,,,,,,,,,,,,,,
8934,サンフロンティア不動産,2129.0,short_7_of_9_candidates,verification_required,all_checks_missing,,,,,,,,,,,,,,,,,,,
9045,京阪ホールディングス,3150.0,near_all_ma_below_candidates;near_all_ma_below_price_candidates,verification_required,all_checks_missing,,,,,,,,,,,,,,,,,,,
9202,ＡＮＡホールディングス,2912.5,near_all_ma_below_candidates;near_all_ma_below_price_candidates,verification_required,all_checks_missing,,,,,,,,,,,,,,,,,,,
9474,ゼンリン,896.0,near_all_ma_below_candidates;near_all_ma_below_price_candidates,verification_required,all_checks_missing,,,,,,,,,,,,,,,,,,,
9603,エイチ・アイ・エス,1076.0,near_all_ma_below_candidates;near_all_ma_below_price_candidates,verification_required,all_checks_missing,,,,,,,,,,,,,,,,,,,
9708,帝国ホテル,940.0,short_7_of_9_candidates;all_ma_below_candidates,verification_required,all_checks_missing,,,,,,,,,,,,,,,,,,,
9755,応用地質,2745.0,short_7_of_9_candidates,verification_required,all_checks_missing,,,,,,,,,,,,,,,,,,,
