code,sbi_system_sellable,sbi_checked_date,sbi_source,jsf_asof_date,jsf_source,jsf_restriction,jsf_reverse_fee_yen,jsf_stock_shortage,earnings_checked_date,earnings_source,next_earnings_date,jpx_checked_date,jpx_source,jpx_lending_eligible,jsf_last5_reverse_fees_yen,jsf_last5_shortage,sbi_public_alert_status,sbi_public_alert_checked_date,sbi_public_alert_source,reference_name,public_alert_detail
8278,,,,,,,,,,,,,,,,,,,,フジ,
4568,,,,,,,,,,,,,,,,,,,,第一三共,
6902,,,,,,,,,,,,,,,,,,,,デンソー,
4996,,,,,,,,,,,,,,,,,,,,クミアイ化学工業,
3844,,,,,,,,,,,,,,,,,,,,コムチュア,
1887,,,,,,,,,,,,,,,,,,,,日本国土開発,
6632,,,,,,,,,,,,,,,,,,,,ＪＶＣケンウッド,
6908,,,,,,,,,,,,,,,,,,,,イリソ電子工業,
2315,,,,,,,,,,,,,,,,,loan_caution,2026-10-08,https://search.sbisec.co.jp/v2/popwin/attention/stock/margin.html,ＣＡＩＣＡ　ＤＩＧＩＴＡＬ,日証金 貸株注意喚起（通知日10/2）／SBI 10/8 20:00更新
7915,,,,,,,,,,,,,,,,,,,,ＮＩＳＳＨＡ,
6584,,,,,,,,,,,,,,,,,,,,三櫻工業,
1786,,,,,,,,,,,,,,,,,,,,オリエンタル白石,
8267,,,,,,,,,,,,,,,,,,,,イオン,
1911,,,,,,,,,,,,,,,,,,,,住友林業,
2201,,,,,,,,,,,,,,,,,,,,森永製菓,
8584,,,,,,,,,,,,,,,,,,,,ジャックス,
4499,,,,,,,,,,,,,,,,,,,,Ｓｐｅｅｅ,
6844,,,,,,,,,,,,,,,,,,,,新電元工業,
7965,,,,,,,,,,,,,,,,,,,,象印マホービン,
3984,,,,,,,,,,,,,,,,,,,,ユーザーローカル,
3431,,,,,,,,,,,,,,,,,,,,宮地エンジニアリンググループ,
6753,,,,,,,,,,,,,,,,,,,,シャープ,
2918,,,,,,,,,,,,,,,,,,,,わらべや日洋ホールディングス,
3299,,,,,,,,,,,,,,,,,,,,ムゲンエステート,
4403,,,,,,,,,,,,,,,,,,,,日油,
9404,,,,,,,,,,,,,,,,,,,,日本テレビホールディングス,
5726,,,,,,,,,,,,,,,,,,,,大阪チタニウムテクノロジーズ,
9409,,,,,,,,,,,,,,,,,,,,テレビ朝日ホールディングス,
1885,,,,,,,,,,,,,,,,,,,,東亜建設工業,
9603,,,,,,,,,,,,,,,,,,,,エイチ・アイ・エス,
7994,,,,,,,,,,,,,,,,,,,,オカムラ,
8934,,,,,,,,,,,,,,,,,,,,サンフロンティア不動産,
2733,,,,,,,,,,,,,,,,,,,,あらた,
3482,,,,,,,,,,,,,,,,,,,,ロードスターキャピタル,
4222,,,,,,,,,,,,,,,,,,,,児玉化学工業,
3854,,,,,,,,,,,,,,,,,,,,アイル,
3865,,,,,,,,,,,,,,,,,,,,北越コーポレーション,
2594,,,,,,,,,,,,,,,,,,,,キーコーヒー,
3561,,,,,,,,,,,,,,,,,,,,力の源ホールディングス,
9755,,,,,,,,,,,,,,,,,,,,応用地質,
9305,,,,,,,,,,,,,,,,,new_sell_suspended,2026-10-08,https://search.sbisec.co.jp/v2/popwin/attention/stock/margin.html,ヤマタネ,日証金 新規売停止、現引停止（9/28以降）／SBI 10/8 20:00更新
9708,,,,,,,,,,,,,,,,,,,,帝国ホテル,
9474,,,,,,,,,,,,,,,,,,,,ゼンリン,
7318,,,,,,,,,,,,,,,,,,,,セレンディップ・ホールディングス,
6430,,,,,,,,,,,,,,,,,,,,ダイコク電機,
2292,,,,,,,,,,,,,,,,,,,,Ｓ　Ｆｏｏｄｓ,
7148,,,,,,,,,,,,,,,,,,,,ＦＰＧ,
7860,,,,,,,,,,,,,,,,,,,,エイベックス,
9021,,,,,,,,,,,,,,,,,,,,西日本旅客鉄道,
9045,,,,,,,,,,,,,,,,,,,,京阪ホールディングス,
9202,,,,,,,,,,,,,,,,,,,,ＡＮＡホールディングス,
3635,,,,,,,,,,,,,,,,,,,,コーエーテクモホールディングス,
7458,,,,,,,,,,,,,,,,,,,,第一興商,
5410,,,,,,,,,,,,,,,,,,,,合同製鐵,
1514,,,,,,,,,,,,,,,,,,,,住石ホールディングス,
5440,,,,,,,,,,,,,,,,,,,,共英製鋼,
5707,,,,,,,,,,,,,,,,,,,,東邦亜鉛,
